{"cameraMode":{"drawMode":0,"name":"Shaded","section":"Shading Mode"},"sceneLighting":true,"audioPlay":false,"sceneViewState":{"showFog":false,"showMaterialUpdate":false,"showSkybox":false,"showFlares":false,"showImageEffects":false,"showParticleSystems":false},"in2DMode":false,"pivot":{"x":-0.5472685098648071,"y":3.1087687015533449,"z":15.425044059753418},"rotation":{"x":-0.14977627992630006,"y":-0.18278777599334718,"z":0.028187232092022897,"w":-0.9712678790092468},"size":8.770694732666016,"orthographic":false}