{"cameraMode":{"drawMode":1,"name":"Wireframe","section":"Shading Mode"},"sceneLighting":true,"audioPlay":false,"sceneViewState":{"showFog":false,"showMaterialUpdate":false,"showSkybox":false,"showFlares":false,"showImageEffects":false,"showParticleSystems":false},"in2DMode":false,"pivot":{"x":6.6320061683654789,"y":7.924160480499268,"z":4.977118492126465},"rotation":{"x":0.14846475422382356,"y":0.11306976526975632,"z":-0.01708829402923584,"w":0.9822838306427002},"size":17.80880355834961,"orthographic":false}