{"cameraMode":{"drawMode":0,"name":"Shaded","section":"Shading Mode"},"sceneLighting":false,"audioPlay":false,"sceneViewState":{"showFog":false,"showMaterialUpdate":false,"showSkybox":false,"showFlares":false,"showImageEffects":false,"showParticleSystems":false},"in2DMode":false,"pivot":{"x":-7.1825714111328129,"y":-74.43145751953125,"z":121.65724182128906},"rotation":{"x":0.11678837239742279,"y":-0.5116176605224609,"z":0.07043466717004776,"w":0.8483200073242188},"size":257.2096252441406,"orthographic":false}