{"cameraMode":{"drawMode":0,"name":"Shaded","section":"Shading Mode"},"sceneLighting":true,"audioPlay":false,"sceneViewState":{"showFog":false,"showMaterialUpdate":false,"showSkybox":false,"showFlares":false,"showImageEffects":false,"showParticleSystems":false},"in2DMode":false,"pivot":{"x":21.071247100830079,"y":-6.582053184509277,"z":13.928689002990723},"rotation":{"x":-0.14785484969615937,"y":-0.6526961326599121,"z":0.13197094202041627,"w":-0.7312390208244324},"size":25.105653762817384,"orthographic":false}