{"cameraMode":{"drawMode":0,"name":"Shaded","section":"Shading Mode"},"sceneLighting":true,"audioPlay":false,"sceneViewState":{"showFog":false,"showMaterialUpdate":false,"showSkybox":false,"showFlares":false,"showImageEffects":false,"showParticleSystems":false},"in2DMode":false,"pivot":{"x":5.919899940490723,"y":3.6392123699188234,"z":14.238847732543946},"rotation":{"x":-0.05361027270555496,"y":0.5028359293937683,"z":0.03126762807369232,"w":0.8621509671211243},"size":8.156914710998536,"orthographic":false}