{"cameraMode":{"drawMode":0,"name":"Shaded","section":"Shading Mode"},"sceneLighting":false,"audioPlay":false,"sceneViewState":{"showFog":false,"showMaterialUpdate":false,"showSkybox":false,"showFlares":false,"showImageEffects":false,"showParticleSystems":false},"in2DMode":false,"pivot":{"x":5.187124252319336,"y":0.4348534941673279,"z":12.358684539794922},"rotation":{"x":-0.08261547237634659,"y":0.7262946367263794,"z":-0.08868163079023361,"w":-0.676613986492157},"size":2.2523064613342287,"orthographic":false}