{"cameraMode":{"drawMode":1,"name":"Wireframe","section":"Shading Mode"},"sceneLighting":true,"audioPlay":false,"sceneViewState":{"showFog":false,"showMaterialUpdate":false,"showSkybox":false,"showFlares":false,"showImageEffects":false,"showParticleSystems":false},"in2DMode":false,"pivot":{"x":22.55634117126465,"y":16.303943634033204,"z":-4.416576385498047},"rotation":{"x":0.41924843192100527,"y":0.13721543550491334,"z":-0.06426515430212021,"w":0.8951383829116821},"size":28.578840255737306,"orthographic":false}