{"cameraMode":{"drawMode":0,"name":"Shaded","section":"Shading Mode"},"sceneLighting":true,"audioPlay":false,"sceneViewState":{"showFog":false,"showMaterialUpdate":false,"showSkybox":false,"showFlares":false,"showImageEffects":false,"showParticleSystems":false},"in2DMode":false,"pivot":{"x":6.0661301612854,"y":0.2927991449832916,"z":-3.3535189628601076},"rotation":{"x":0.23540613055229188,"y":0.7185937762260437,"z":-0.2878517508506775,"w":0.5876635313034058},"size":8.770694732666016,"orthographic":false}