{"cameraMode":{"drawMode":0,"name":"Shaded","section":"Shading Mode"},"sceneLighting":true,"audioPlay":false,"sceneViewState":{"showFog":false,"showMaterialUpdate":false,"showSkybox":false,"showFlares":false,"showImageEffects":false,"showParticleSystems":false},"in2DMode":false,"pivot":{"x":4.845483303070068,"y":-8.277499198913575,"z":29.56718635559082},"rotation":{"x":-0.2883315682411194,"y":0.011770493350923062,"z":-0.003546625142917037,"w":-0.9574517607688904},"size":25.105653762817384,"orthographic":false}