{"cameraMode":{"drawMode":0,"name":"Shaded","section":"Shading Mode"},"sceneLighting":true,"audioPlay":false,"sceneViewState":{"showFog":false,"showMaterialUpdate":false,"showSkybox":false,"showFlares":false,"showImageEffects":false,"showParticleSystems":false},"in2DMode":false,"pivot":{"x":0.906448245048523,"y":16.508041381835939,"z":19.676864624023439},"rotation":{"x":-0.2189682424068451,"y":0.7661371827125549,"z":-0.3325332999229431,"w":-0.5044882297515869},"size":8.770694732666016,"orthographic":false}