{"cameraMode":{"drawMode":0,"name":"Shaded","section":"Shading Mode"},"sceneLighting":false,"audioPlay":false,"sceneViewState":{"showFog":false,"showMaterialUpdate":false,"showSkybox":false,"showFlares":false,"showImageEffects":false,"showParticleSystems":false},"in2DMode":false,"pivot":{"x":-0.9749917984008789,"y":0.7284712791442871,"z":-1.1324796676635743},"rotation":{"x":0.1574586033821106,"y":0.33648791909217837,"z":-0.057174813002347949,"w":0.926668107509613},"size":8.56355094909668,"orthographic":false}