{"cameraMode":{"drawMode":0,"name":"Shaded","section":"Shading Mode"},"sceneLighting":false,"audioPlay":false,"sceneViewState":{"showFog":false,"showMaterialUpdate":false,"showSkybox":false,"showFlares":false,"showImageEffects":false,"showParticleSystems":false},"in2DMode":false,"pivot":{"x":-0.8654656410217285,"y":5.704265594482422,"z":4.86038064956665},"rotation":{"x":-0.3955020308494568,"y":0.4734019935131073,"z":-0.250990092754364,"w":-0.7459709644317627},"size":8.770694732666016,"orthographic":false}