{"cameraMode":{"drawMode":0,"name":"Shaded","section":"Shading Mode"},"sceneLighting":true,"audioPlay":false,"sceneViewState":{"showFog":false,"showMaterialUpdate":false,"showSkybox":false,"showFlares":false,"showImageEffects":false,"showParticleSystems":false},"in2DMode":false,"pivot":{"x":23.100906372070314,"y":0.8212631940841675,"z":24.265859603881837},"rotation":{"x":-0.014335094951093197,"y":-0.49568748474121096,"z":0.008180830627679825,"w":-0.8683441281318665},"size":25.105653762817384,"orthographic":false}