{"cameraMode":{"drawMode":0,"name":"Shaded","section":"Shading Mode"},"sceneLighting":false,"audioPlay":false,"sceneViewState":{"showFog":false,"showMaterialUpdate":false,"showSkybox":false,"showFlares":false,"showImageEffects":false,"showParticleSystems":false},"in2DMode":false,"pivot":{"x":0.125,"y":1.2389999628067017,"z":-1.2380000352859498},"rotation":{"x":0.04434695094823837,"y":-0.5758567452430725,"z":0.03130584582686424,"w":0.815746545791626},"size":0.40416595339775088,"orthographic":false}