{"cameraMode":{"drawMode":0,"name":"Shaded","section":"Shading Mode"},"sceneLighting":false,"audioPlay":false,"sceneViewState":{"showFog":false,"showMaterialUpdate":false,"showSkybox":false,"showFlares":false,"showImageEffects":false,"showParticleSystems":false},"in2DMode":false,"pivot":{"x":0.10484230518341065,"y":1.7474493980407715,"z":-1.664626121520996},"rotation":{"x":0.12676851451396943,"y":0.5262935161590576,"z":-0.0797085240483284,"w":0.8370134234428406},"size":4.041658401489258,"orthographic":false}