{"cameraMode":{"drawMode":0,"name":"Shaded","section":"Shading Mode"},"sceneLighting":true,"audioPlay":false,"sceneViewState":{"showFog":false,"showMaterialUpdate":false,"showSkybox":false,"showFlares":false,"showImageEffects":false,"showParticleSystems":false},"in2DMode":false,"pivot":{"x":27.768386840820314,"y":0.5693836212158203,"z":22.964256286621095},"rotation":{"x":-0.09386377036571503,"y":-0.10256387293338776,"z":0.009719927795231343,"w":-0.9902402758598328},"size":25.105653762817384,"orthographic":false}